order,track
1,VOICE_ACTOR_-_Sent_from_my_Telephone_-_01_15th
2,VOICE_ACTOR_-_Sent_from_my_Telephone_-_55_Last_Time
3,VOICE_ACTOR_-_Sent_from_my_Telephone_-_98_Thought_Video
4,VOICE_ACTOR_-_Sent_from_my_Telephone_-_68_No_Window
5,VOICE_ACTOR_-_Sent_from_my_Telephone_-_14_Calculated_Reactive_Space
6,VOICE_ACTOR_-_Sent_from_my_Telephone_-_84_Ringing__Prod__EGO_DEATH_
7,VOICE_ACTOR_-_Sent_from_my_Telephone_-_54_Kaart_4
8,VOICE_ACTOR_-_Sent_from_my_Telephone_-_04_Badman
9,VOICE_ACTOR_-_Sent_from_my_Telephone_-_02_Another_Day
10,VOICE_ACTOR_-_Sent_from_my_Telephone_-_60_Love
11,VOICE_ACTOR_-_Sent_from_my_Telephone_-_46_I_Can_t_Explain
12,VOICE_ACTOR_-_Sent_from_my_Telephone_-_38_Give_Me_Tracks
13,VOICE_ACTOR_-_Sent_from_my_Telephone_-_50_It_s_Ok_It_s_Not_OK
14,VOICE_ACTOR_-_Sent_from_my_Telephone_-_66_Nammes
15,VOICE_ACTOR_-_Sent_from_my_Telephone_-_67_New_Keyboard_Out
16,VOICE_ACTOR_-_Sent_from_my_Telephone_-_76_Plan
17,VOICE_ACTOR_-_Sent_from_my_Telephone_-_07_Better_2
18,VOICE_ACTOR_-_Sent_from_my_Telephone_-_23_Dima
19,VOICE_ACTOR_-_Sent_from_my_Telephone_-_15_Camden
20,VOICE_ACTOR_-_Sent_from_my_Telephone_-_61_Male_Painters__Co-prod__Law_of_Glances_
21,VOICE_ACTOR_-_Sent_from_my_Telephone_-_92_Stand_Tall
22,VOICE_ACTOR_-_Sent_from_my_Telephone_-_36_Fruitmachine
23,VOICE_ACTOR_-_Sent_from_my_Telephone_-_88_Shoulder_Length__Prod__Stilll_
24,VOICE_ACTOR_-_Sent_from_my_Telephone_-_75_Pelli__Co-prod__EGO_DEATH_
25,VOICE_ACTOR_-_Sent_from_my_Telephone_-_33_Fran
26,VOICE_ACTOR_-_Sent_from_my_Telephone_-_104_Waiting_to_Start_Hittin_
27,VOICE_ACTOR_-_Sent_from_my_Telephone_-_96_THE_GREET
28,VOICE_ACTOR_-_Sent_from_my_Telephone_-_11_Breaking_People
29,VOICE_ACTOR_-_Sent_from_my_Telephone_-_83_Resistance
30,VOICE_ACTOR_-_Sent_from_my_Telephone_-_89_SILENCE
31,VOICE_ACTOR_-_Sent_from_my_Telephone_-_56_Let_U_Go
32,VOICE_ACTOR_-_Sent_from_my_Telephone_-_45_I_Can_Feel_U
33,VOICE_ACTOR_-_Sent_from_my_Telephone_-_94_Tell_U
34,VOICE_ACTOR_-_Sent_from_my_Telephone_-_47_I_Know_What_I_Saw
35,VOICE_ACTOR_-_Sent_from_my_Telephone_-_49_Indecent_Thoughts
36,VOICE_ACTOR_-_Sent_from_my_Telephone_-_22_DD_of_DS
37,VOICE_ACTOR_-_Sent_from_my_Telephone_-_90_Slush
38,VOICE_ACTOR_-_Sent_from_my_Telephone_-_25_Dummy_3
39,VOICE_ACTOR_-_Sent_from_my_Telephone_-_08_Black_Matter
40,VOICE_ACTOR_-_Sent_from_my_Telephone_-_37_Getting_By
41,VOICE_ACTOR_-_Sent_from_my_Telephone_-_70_ODDS
42,VOICE_ACTOR_-_Sent_from_my_Telephone_-_108_Zolder
43,VOICE_ACTOR_-_Sent_from_my_Telephone_-_71_Offending_the_Audience
44,VOICE_ACTOR_-_Sent_from_my_Telephone_-_41_Hide
45,VOICE_ACTOR_-_Sent_from_my_Telephone_-_65_Myself_2_Myself__Co-prod__Yarrow_co_
46,VOICE_ACTOR_-_Sent_from_my_Telephone_-_78_Pocket
47,VOICE_ACTOR_-_Sent_from_my_Telephone_-_69_Object_Positioning
48,VOICE_ACTOR_-_Sent_from_my_Telephone_-_64_Moving_Sins
49,VOICE_ACTOR_-_Sent_from_my_Telephone_-_29_Feel_Like
50,VOICE_ACTOR_-_Sent_from_my_Telephone_-_20_Colouring__Co-prod__Yarrow_co_
51,VOICE_ACTOR_-_Sent_from_my_Telephone_-_77_PLEDGE
52,VOICE_ACTOR_-_Sent_from_my_Telephone_-_101_Vacation__Co-prod__EGO_DEATH_
53,VOICE_ACTOR_-_Sent_from_my_Telephone_-_05_Battling_Dust__Prod__Val_Clipp_
54,VOICE_ACTOR_-_Sent_from_my_Telephone_-_62_Move_Something
55,VOICE_ACTOR_-_Sent_from_my_Telephone_-_10_Boulevard
56,VOICE_ACTOR_-_Sent_from_my_Telephone_-_72_Office
57,VOICE_ACTOR_-_Sent_from_my_Telephone_-_26_Dummy
58,VOICE_ACTOR_-_Sent_from_my_Telephone_-_91_Stairs
59,VOICE_ACTOR_-_Sent_from_my_Telephone_-_87_Shine_4_China
60,VOICE_ACTOR_-_Sent_from_my_Telephone_-_28_False_Glistening__Prod__Adriaan_de_Roover_
61,VOICE_ACTOR_-_Sent_from_my_Telephone_-_39_Greyout
62,VOICE_ACTOR_-_Sent_from_my_Telephone_-_95_Terrified
63,VOICE_ACTOR_-_Sent_from_my_Telephone_-_21_Daydream__Prod__Stef_Veldhuis_
64,VOICE_ACTOR_-_Sent_from_my_Telephone_-_73_One_More_Chance
65,VOICE_ACTOR_-_Sent_from_my_Telephone_-_102_Volcano__Co-prod__EGO_DEATH_
66,VOICE_ACTOR_-_Sent_from_my_Telephone_-_103_Wait
67,VOICE_ACTOR_-_Sent_from_my_Telephone_-_86_Searchboat
68,VOICE_ACTOR_-_Sent_from_my_Telephone_-_105_Wide
69,VOICE_ACTOR_-_Sent_from_my_Telephone_-_06_Beautiful_Burglar
70,VOICE_ACTOR_-_Sent_from_my_Telephone_-_53_Judgements
71,VOICE_ACTOR_-_Sent_from_my_Telephone_-_30_Fields_and_Thickets
72,VOICE_ACTOR_-_Sent_from_my_Telephone_-_18_Cheese_Triangle
73,VOICE_ACTOR_-_Sent_from_my_Telephone_-_34_Freefall__Co-prod__Stilll_
74,VOICE_ACTOR_-_Sent_from_my_Telephone_-_51_Jazz
75,VOICE_ACTOR_-_Sent_from_my_Telephone_-_32_For_a_Minute
76,VOICE_ACTOR_-_Sent_from_my_Telephone_-_57_Living
77,VOICE_ACTOR_-_Sent_from_my_Telephone_-_40_HHBYTL_Ft__Yarrow_co
78,VOICE_ACTOR_-_Sent_from_my_Telephone_-_74_Path
79,VOICE_ACTOR_-_Sent_from_my_Telephone_-_81_Re-boot
80,VOICE_ACTOR_-_Sent_from_my_Telephone_-_93_Telefon_Tottenham__Co-prod__EGO_DEATH_
81,VOICE_ACTOR_-_Sent_from_my_Telephone_-_44_Hurt_with_Me
82,VOICE_ACTOR_-_Sent_from_my_Telephone_-_16_Carefully__Co-prod__Joseph_
83,VOICE_ACTOR_-_Sent_from_my_Telephone_-_79_Pretty_Lies
84,VOICE_ACTOR_-_Sent_from_my_Telephone_-_82_Real
85,VOICE_ACTOR_-_Sent_from_my_Telephone_-_09_Blip
86,VOICE_ACTOR_-_Sent_from_my_Telephone_-_35_Fromm
87,VOICE_ACTOR_-_Sent_from_my_Telephone_-_13_Buying_the_Block
88,VOICE_ACTOR_-_Sent_from_my_Telephone_-_31_Floating_Signifiers__Co-prod__Yarrow_co_
89,VOICE_ACTOR_-_Sent_from_my_Telephone_-_24_Done_Ft__Agnes
90,VOICE_ACTOR_-_Sent_from_my_Telephone_-_12_But
91,VOICE_ACTOR_-_Sent_from_my_Telephone_-_42_HNY2
92,VOICE_ACTOR_-_Sent_from_my_Telephone_-_03_Anytime
93,VOICE_ACTOR_-_Sent_from_my_Telephone_-_106_XXX
94,VOICE_ACTOR_-_Sent_from_my_Telephone_-_52_JLO
95,VOICE_ACTOR_-_Sent_from_my_Telephone_-_27_Exposed
96,VOICE_ACTOR_-_Sent_from_my_Telephone_-_59_Love__Prosperity__Fame
97,VOICE_ACTOR_-_Sent_from_my_Telephone_-_100_U_Projected_2__Co-prod__Yarrow_co_
98,VOICE_ACTOR_-_Sent_from_my_Telephone_-_63_Moving_On
99,VOICE_ACTOR_-_Sent_from_my_Telephone_-_48_IBU
100,VOICE_ACTOR_-_Sent_from_my_Telephone_-_97_Things_to_Do_and_See
101,VOICE_ACTOR_-_Sent_from_my_Telephone_-_17_Caretaker
102,VOICE_ACTOR_-_Sent_from_my_Telephone_-_99_Throwing_Humans
103,VOICE_ACTOR_-_Sent_from_my_Telephone_-_107_Yo-Yo_Na
104,VOICE_ACTOR_-_Sent_from_my_Telephone_-_80_Quick_Ft__Agnes
105,VOICE_ACTOR_-_Sent_from_my_Telephone_-_43_Huh
106,VOICE_ACTOR_-_Sent_from_my_Telephone_-_85_Rising_Ground
